;dataset;dfr;hd;dtw;edr;erp;sspd
0;CROSS;0.880136;0.894959;0.874798;0.514015;0.876179;0.876179
1;ASL;0.849541;0.862342;0.820089;0.636152;0.731049;0.731049
2;DigiLeTs;0.661184;0.661613;0.668232;0.558318;0.773382;0.773382
3;FishTrajectories;0.559689;0.574322;0.545089;0.531085;0.544941;0.544941
4;Labomni;0.899523;0.905051;0.942524;0.441766;0.929776;0.929776